Metric,Value
Train Loss,0.07877384857691754
Validation Loss,0.08463788163837392
Macro AUROC,0.9900166675215516
