epoch,train_loss,val_loss,macro_auc
1,0.15705178350851637,0.10360844339633923,0.9873631264846825
2,0.10367178160462208,0.09392227345487363,0.9879054556366919
3,0.0924413056409754,0.08550153427579993,0.9891540442760508
4,0.08570547558371291,0.08261321093426845,0.9906487180541291
5,0.07877384857691754,0.08463788163837392,0.9900166675215516
