{
  "baseline_test": {
    "auroc_No Finding": 0.8929711314326699,
    "auroc_Cardiomegaly": 0.8862340328467153,
    "auroc_Edema": 0.8934787059787059,
    "auroc_Pleural Effusion": 0.8862455197132616,
    "auroc_Pneumonia": 0.8153890643769186,
    "auroc_Pneumothorax": 0.8766509433962264,
    "macro_auroc": 0.8751615662907497,
    "micro_auroc": 0.8878021449092248,
    "exact_match_acc": 0.5355029585798816,
    "hamming_acc": 0.8308678500986193,
    "acc_No Finding": 0.7928994082840237,
    "acc_Cardiomegaly": 0.849112426035503,
    "acc_Edema": 0.8550295857988166,
    "acc_Pleural Effusion": 0.8431952662721893,
    "acc_Pneumonia": 0.7485207100591716,
    "acc_Pneumothorax": 0.8964497041420119,
    "mean_per_class_acc": 0.8308678500986194,
    "macro_f1": 0.6270832627672757,
    "micro_f1": 0.7120067170445005,
    "f1_No Finding": 0.84375,
    "f1_Cardiomegaly": 0.6433566433566433,
    "f1_Edema": 0.6573426573426573,
    "f1_Pleural Effusion": 0.6971428571428572,
    "f1_Pneumonia": 0.6351931330472103,
    "f1_Pneumothorax": 0.2857142857142857,
    "macro_precision": 0.5817711006927967,
    "macro_recall": 0.6940134158884158,
    "macro_ap": 0.6878839532373188
  },
  "ema_tta_test": {
    "auroc_No Finding": 0.8824278285816747,
    "auroc_Cardiomegaly": 0.8796760948905109,
    "auroc_Edema": 0.8826269451269451,
    "auroc_Pleural Effusion": 0.881160394265233,
    "auroc_Pneumonia": 0.8060461805401077,
    "auroc_Pneumothorax": 0.8518081761006289,
    "macro_auroc": 0.8639576032508499,
    "micro_auroc": 0.8797812974745424,
    "exact_match_acc": 0.5118343195266272,
    "hamming_acc": 0.8244575936883629,
    "acc_No Finding": 0.7869822485207101,
    "acc_Cardiomegaly": 0.8550295857988166,
    "acc_Edema": 0.863905325443787,
    "acc_Pleural Effusion": 0.8165680473372781,
    "acc_Pneumonia": 0.7071005917159763,
    "acc_Pneumothorax": 0.9171597633136095,
    "mean_per_class_acc": 0.824457593688363,
    "macro_f1": 0.6034227360087631,
    "micro_f1": 0.6983050847457627,
    "f1_No Finding": 0.8378378378378378,
    "f1_Cardiomegaly": 0.6423357664233577,
    "f1_Edema": 0.6666666666666666,
    "f1_Pleural Effusion": 0.6555555555555556,
    "f1_Pneumonia": 0.5959183673469388,
    "f1_Pneumothorax": 0.2222222222222222,
    "macro_precision": 0.5746765345693593,
    "macro_recall": 0.6534535222035222,
    "macro_ap": 0.6615541700664874
  }
}