{
  "per_disease": {
    "No Finding": {
      "auroc": 0.9614129460283306,
      "f1": 0.9156626506024096,
      "accuracy": 0.8964497041420119,
      "precision": 0.8636363636363636,
      "recall": 0.9743589743589743,
      "auprc": 0.9719997785128538,
      "threshold": 0.24000000000000002
    },
    "Cardiomegaly": {
      "auroc": 0.9603672445255474,
      "f1": 0.7479674796747967,
      "accuracy": 0.908284023668639,
      "precision": 0.7796610169491526,
      "recall": 0.71875,
      "auprc": 0.8560087048206836,
      "threshold": 0.6799999999999999
    },
    "Edema": {
      "auroc": 0.9502457002457002,
      "f1": 0.7928994082840237,
      "accuracy": 0.8964497041420119,
      "precision": 0.7052631578947368,
      "recall": 0.9054054054054054,
      "auprc": 0.8466427900052478,
      "threshold": 0.58
    },
    "Pleural Effusion": {
      "auroc": 0.9620071684587814,
      "f1": 0.8491620111731844,
      "accuracy": 0.9201183431952663,
      "precision": 0.8539325842696629,
      "recall": 0.8444444444444444,
      "auprc": 0.9071222536678336,
      "threshold": 0.7
    },
    "Pneumonia": {
      "auroc": 0.9269920363037771,
      "f1": 0.7641509433962265,
      "accuracy": 0.8520710059171598,
      "precision": 0.6694214876033058,
      "recall": 0.8901098901098901,
      "auprc": 0.8124939700361289,
      "threshold": 0.65
    },
    "Pneumothorax": {
      "auroc": 0.8578616352201258,
      "f1": 0.47368421052631576,
      "accuracy": 0.9408284023668639,
      "precision": 0.5,
      "recall": 0.45,
      "auprc": 0.4598436040589382,
      "threshold": 0.69
    }
  },
  "aggregate": {
    "macro_auroc": 0.9364811217970438,
    "micro_auroc": 0.9127226759723037,
    "macro_f1": 0.7572544506094928,
    "micro_f1": 0.8257042253521126,
    "weighted_f1": 0.8249713349154384,
    "samples_f1": 0.8462548135625061,
    "macro_precision": 0.7286524350588702,
    "macro_recall": 0.7971781190531191,
    "macro_ap": 0.8090185168502809,
    "mean_auprc": 0.8090185168502809,
    "exact_match_accuracy": 0.6568047337278107,
    "hamming_accuracy": 0.9023668639053255,
    "mean_per_class_accuracy": 0.9023668639053256
  }
}