{
  "per_disease": {
    "No Finding": {
      "auroc": 0.9620763851533082,
      "f1": 0.9138755980861244,
      "accuracy": 0.893491124260355,
      "precision": 0.8565022421524664,
      "recall": 0.9794871794871794,
      "auprc": 0.9725949551696758,
      "threshold": 0.25
    },
    "Cardiomegaly": {
      "auroc": 0.963161496350365,
      "f1": 0.7651006711409396,
      "accuracy": 0.8964497041420119,
      "precision": 0.6705882352941176,
      "recall": 0.890625,
      "auprc": 0.8639878506824303,
      "threshold": 0.59
    },
    "Edema": {
      "auroc": 0.9510902948402948,
      "f1": 0.8095238095238095,
      "accuracy": 0.9053254437869822,
      "precision": 0.723404255319149,
      "recall": 0.918918918918919,
      "auprc": 0.8458406027785556,
      "threshold": 0.58
    },
    "Pleural Effusion": {
      "auroc": 0.962141577060932,
      "f1": 0.8603351955307262,
      "accuracy": 0.9260355029585798,
      "precision": 0.8651685393258427,
      "recall": 0.8555555555555555,
      "auprc": 0.9067698782172591,
      "threshold": 0.7
    },
    "Pneumonia": {
      "auroc": 0.9301063309160476,
      "f1": 0.7649769585253456,
      "accuracy": 0.849112426035503,
      "precision": 0.6587301587301587,
      "recall": 0.9120879120879121,
      "auprc": 0.8209168109944011,
      "threshold": 0.62
    },
    "Pneumothorax": {
      "auroc": 0.8609276729559748,
      "f1": 0.47368421052631576,
      "accuracy": 0.9408284023668639,
      "precision": 0.5,
      "recall": 0.45,
      "auprc": 0.4513733030020041,
      "threshold": 0.7
    }
  },
  "aggregate": {
    "macro_auroc": 0.9382506262128203,
    "micro_auroc": 0.9209139930508551,
    "macro_f1": 0.7645827405555435,
    "micro_f1": 0.8297690333618477,
    "weighted_f1": 0.8306998155780421,
    "samples_f1": 0.851758711374096,
    "macro_precision": 0.7123989051369556,
    "macro_recall": 0.8344457610082611,
    "macro_ap": 0.8102472334740544,
    "mean_auprc": 0.8102472334740544,
    "exact_match_accuracy": 0.6449704142011834,
    "hamming_accuracy": 0.9018737672583826,
    "mean_per_class_accuracy": 0.9018737672583826
  }
}