{
  "No Finding": 0.24000000000000002,
  "Cardiomegaly": 0.6799999999999999,
  "Edema": 0.58,
  "Pleural Effusion": 0.7,
  "Pneumonia": 0.65,
  "Pneumothorax": 0.69
}