{
  "train_loss": [
    0.20685784344186364,
    0.16690681354318707,
    0.1535485361538622,
    0.1569169225923912,
    0.1492178429706419,
    0.1450495613951128,
    0.14067188264131125,
    0.1366946237624451,
    0.13423275024025724,
    0.14249418156520746,
    0.13974994202444338,
    0.13958081364452374,
    0.13692063030438142,
    0.13506426193974833,
    0.13293042289381826,
    0.13105371367167853,
    0.13026795489614684,
    0.12755672629429615
  ],
  "train_auroc": [
    0.8212362675322349,
    0.8816219774360484,
    0.9018105601222687,
    0.8971303650370889,
    0.9074207901437252,
    0.9131952620239366,
    0.9188109882918155,
    0.9227882037820917,
    0.9259385789524366,
    0.9164658486111904,
    0.9198511527418892,
    0.9199543681119046,
    0.9233493093126763,
    0.925109617845553,
    0.9279545978879722,
    0.9297248019435936,
    0.9308160049495816,
    0.9336195427737044
  ],
  "train_f1": [
    0.564889865148855,
    0.6233199159393231,
    0.6490121802030232,
    0.6434142164069182,
    0.6544958250191355,
    0.662409668485894,
    0.6709122321747429,
    0.6760969375713747,
    0.6810802935135318,
    0.6669084350641746,
    0.6727204497665054,
    0.6718585216871312,
    0.6778000348202146,
    0.6783657286468744,
    0.6838464441494815,
    0.6862329793726495,
    0.6887477990573484,
    0.6927861565334229
  ],
  "val_loss": [
    0.18134070120074533,
    0.1620042689821937,
    0.15555252947590567,
    0.1536941413174976,
    0.1512268050150438,
    0.1469799747521227,
    0.1446983597495339,
    0.14190070534294302,
    0.14199039204554123,
    0.13973113758997482,
    0.13783881339159879,
    0.1388085735115138,
    0.14023169468749652,
    0.14029234241355548,
    0.14030974222855133,
    0.14039306884462183,
    0.14025027304887772,
    0.14145305007696152
  ],
  "val_auroc": [
    0.8778291515014335,
    0.8966364384202127,
    0.9069773368289882,
    0.9100646206663222,
    0.9152139415681085,
    0.920513796504126,
    0.9241669426397761,
    0.9274659067302128,
    0.9289303748904638,
    0.9286607213753096,
    0.9306079326297853,
    0.9309792936474782,
    0.93185048636774,
    0.9332252798133318,
    0.9349252256887298,
    0.9360844152992697,
    0.9368985905506023,
    0.9382506262128203
  ],
  "val_f1": [
    0.5915502950442266,
    0.6433688886475121,
    0.6511679868151389,
    0.6535832756468186,
    0.6527919571778982,
    0.6615062162759368,
    0.6628808459412135,
    0.6623593568930147,
    0.670145746001647,
    0.6624393347495172,
    0.664759325789775,
    0.6624653464047661,
    0.6636921476035743,
    0.664422456741721,
    0.6616169327401067,
    0.6594925143798172,
    0.6556189492016987,
    0.6534677285195704
  ],
  "lr": [
    3.7750000000000003e-06,
    1.3250000000000009e-06,
    5e-06,
    4.671762239271875e-06,
    3.7750000000000003e-06,
    2.55e-06,
    1.3250000000000009e-06,
    4.282377607281252e-07,
    5e-06,
    4.916518274408218e-06,
    4.671762239271875e-06,
    4.282411613907041e-06,
    3.7750000000000003e-06,
    3.184106660501176e-06,
    2.55e-06,
    1.9158933394988247e-06,
    1.3250000000000009e-06,
    8.175883860929588e-07
  ],
  "epoch_time": [
    1692.1218049526215,
    1456.748283147812,
    1365.152985572815,
    1406.5932154655457,
    1444.6594269275665,
    1472.3797960281372,
    1481.6620836257935,
    1409.1366016864777,
    1432.5887043476105,
    1429.722827911377,
    1459.848149061203,
    1425.3120112419128,
    1463.4217710494995,
    1516.6110122203827,
    1487.473385334015,
    1439.6537129878998,
    1491.4733402729034,
    1458.3750801086426
  ]
}