{
  "per_disease": {
    "No Finding": {
      "auroc": 0.9613232920925229,
      "f1": 0.9138755980861244,
      "accuracy": 0.893491124260355,
      "precision": 0.8565022421524664,
      "recall": 0.9794871794871794,
      "auprc": 0.972031041756534,
      "threshold": 0.25
    },
    "Cardiomegaly": {
      "auroc": 0.9630759580291971,
      "f1": 0.7581699346405228,
      "accuracy": 0.8905325443786982,
      "precision": 0.651685393258427,
      "recall": 0.90625,
      "auprc": 0.8652223428159633,
      "threshold": 0.58
    },
    "Edema": {
      "auroc": 0.9509367321867321,
      "f1": 0.7928994082840237,
      "accuracy": 0.8964497041420119,
      "precision": 0.7052631578947368,
      "recall": 0.9054054054054054,
      "auprc": 0.8428352185033712,
      "threshold": 0.5700000000000001
    },
    "Pleural Effusion": {
      "auroc": 0.9620967741935483,
      "f1": 0.8603351955307262,
      "accuracy": 0.9260355029585798,
      "precision": 0.8651685393258427,
      "recall": 0.8555555555555555,
      "auprc": 0.9051627306219426,
      "threshold": 0.7
    },
    "Pneumonia": {
      "auroc": 0.9292387774169151,
      "f1": 0.7627906976744186,
      "accuracy": 0.849112426035503,
      "precision": 0.6612903225806451,
      "recall": 0.9010989010989011,
      "auprc": 0.8190055222969608,
      "threshold": 0.62
    },
    "Pneumothorax": {
      "auroc": 0.8617138364779875,
      "f1": 0.5,
      "accuracy": 0.9289940828402367,
      "precision": 0.42857142857142855,
      "recall": 0.6,
      "auprc": 0.45355724643501877,
      "threshold": 0.66
    }
  },
  "aggregate": {
    "macro_auroc": 0.9380642283994837,
    "micro_auroc": 0.9208857903524209,
    "macro_f1": 0.7646784723693028,
    "micro_f1": 0.8240270727580372,
    "weighted_f1": 0.8281784545747995,
    "samples_f1": 0.8476331360946746,
    "macro_precision": 0.6947468472972577,
    "macro_recall": 0.8579661735911736,
    "macro_ap": 0.8096356837382985,
    "mean_auprc": 0.8096356837382985,
    "exact_match_accuracy": 0.6301775147928994,
    "hamming_accuracy": 0.8974358974358975,
    "mean_per_class_accuracy": 0.8974358974358974
  }
}