{
  "No Finding": 0.4199999999999998,
  "Cardiomegaly": 0.5499999999999998,
  "Edema": 0.5599999999999997,
  "Pleural Effusion": 0.5499999999999998,
  "Pneumonia": 0.47999999999999976,
  "Pneumothorax": 0.6199999999999998
}